Gene	A	C	G	T	Length	CG%
NC_045512	NC_045512 |China	8954	5492	5863	9594	29903	0.379728
MT334547	MT334547 |USA	8953	5486	5862	9602	29903	0.379494
MT334548	MT334548 |USA	8917	5465	5849	9559	29899	0.378407
MT334549	MT334549 |USA	6905	4192	4547	7229	29864	0.292627
MT334550	MT334550 |USA	8866	5441	5805	9492	29890	0.376246
MT334551	MT334551 |USA	8728	5333	5727	9328	29863	0.370358
MT334552	MT334552 |USA	8774	5384	5775	9423	29788	0.374614
MT334553	MT334553 |USA	8782	5386	5763	9408	29863	0.373338
MT334554	MT334554 |USA	8796	5420	5790	9465	29797	0.376212
MT334556	MT334556 |USA	8832	5439	5810	9499	29847	0.376889
MT334557	MT334557 |USA	8903	5475	5848	9584	29840	0.379457
MT334558	MT334558 |USA	8743	5374	5764	9412	29811	0.373620
MT334559	MT334559 |USA	8869	5439	5815	9507	29899	0.376401
MT334560	MT334560 |USA	8724	5365	5753	9386	29797	0.373125
MT334561	MT334561 |USA	8889	5454	5839	9543	29878	0.377970
MT334562	MT334562 |USA	4984	3197	3367	5657	29864	0.219796
MT334563	MT334563 |USA	8813	5421	5799	9480	29849	0.375892
MT334564	MT334564 |USA	8538	5232	5609	9148	29864	0.363012
MT334565	MT334565 |USA	8698	5326	5709	9303	29864	0.369508
MT334566	MT334566 |USA	8671	5301	5696	9269	29864	0.368236
MT334567	MT334567 |USA	8705	5335	5721	9329	29864	0.370212
MT334568	MT334568 |USA	8802	5404	5779	9417	29893	0.374101
MT334569	MT334569 |USA	8856	5428	5810	9499	29863	0.376319
MT334570	MT334570 |USA	8865	5438	5811	9502	29886	0.376397
MT334571	MT334571 |USA	8711	5356	5741	9360	29803	0.372345
MT334572	MT334572 |USA	8857	5427	5806	9496	29864	0.376138
MT334573	MT334573 |USA	8830	5440	5811	9500	29848	0.376943
MT334522	MT334522 |USA	8750	5384	5768	9410	29798	0.374253
MT334523	MT334523 |USA	8926	5474	5849	9569	29901	0.378683
MT334524	MT334524 |USA	8826	5415	5788	9454	29864	0.375134
MT334525	MT334525 |USA	8868	5441	5814	9508	29900	0.376421
MT334526	MT334526 |USA	8913	5466	5841	9558	29896	0.378211
MT334527	MT334527 |USA	8848	5446	5817	9527	29813	0.377788
MT334528	MT334528 |USA	8827	5416	5798	9470	29865	0.375490
MT334529	MT334529 |USA	8956	5491	5860	9595	29903	0.379594
MT334530	MT334530 |USA	8654	5315	5684	9296	29899	0.367872
MT334531	MT334531 |USA	8911	5468	5843	9566	29864	0.378750
MT334532	MT334532 |USA	8825	5415	5784	9458	29875	0.374862
MT334533	MT334533 |USA	8952	5491	5863	9596	29902	0.379707
MT334534	MT334534 |USA	8949	5490	5861	9595	29895	0.379696
MT334535	MT334535 |USA	8944	5488	5861	9591	29900	0.379565
MT334536	MT334536 |USA	8938	5482	5855	9585	29899	0.379177
MT334537	MT334537 |USA	8942	5481	5860	9589	29901	0.379285
MT334538	MT334538 |USA	8953	5489	5864	9597	29903	0.379661
MT334539	MT334539 |USA	8917	5465	5845	9567	29862	0.378742
MT334540	MT334540 |USA	8951	5487	5863	9600	29901	0.379586
MT334541	MT334541 |USA	8953	5487	5863	9599	29902	0.379573
MT334542	MT334542 |USA	8954	5487	5863	9599	29903	0.379561
MT334543	MT334543 |USA	8766	5363	5732	9378	29864	0.371518
MT334544	MT334544 |USA	8953	5486	5863	9601	29903	0.379527
MT334545	MT334545 |USA	8869	5442	5819	9509	29861	0.377114
MT334546	MT334546 |USA	8947	5488	5862	9589	29899	0.379611
MT334555	MT334555 |USA	8648	5324	5709	9288	29806	0.370160
MT325561	MT325561 |USA	8931	5490	5865	9596	29882	0.379995
MT325571	MT325571 |USA	8933	5492	5863	9594	29882	0.379995
MT325585	MT325585 |USA	8932	5487	5863	9599	29882	0.379827
MT325587	MT325587 |USA	8932	5488	5862	9600	29882	0.379827
MT325588	MT325588 |USA	8934	5487	5861	9600	29882	0.379760
MT325589	MT325589 |USA	8932	5488	5860	9600	29882	0.379760
MT325596	MT325596 |USA	8932	5488	5861	9596	29882	0.379794
MT325597	MT325597 |USA	8931	5489	5862	9599	29882	0.379861
MT325603	MT325603 |USA	8932	5488	5863	9599	29882	0.379861
MT325614	MT325614 |USA	8932	5489	5863	9598	29882	0.379894
MT325621	MT325621 |USA	8932	5489	5864	9597	29882	0.379928
MT325629	MT325629 |USA	8932	5488	5862	9600	29882	0.379827
MT325630	MT325630 |USA	8932	5488	5863	9599	29882	0.379861
MT325638	MT325638 |USA	8932	5488	5863	9599	29882	0.379861
MT325639	MT325639 |USA	8932	5488	5862	9600	29882	0.379827
MT326086	MT326086 |USA	8911	5486	5863	9594	29856	0.380125
MT326087	MT326087 |USA	8921	5481	5858	9593	29853	0.379828
MT326102	MT326102 |USA	8872	5416	5799	9502	29652	0.378221
MT326104	MT326104 |USA	8899	5474	5856	9579	29808	0.380099
MT326105	MT326105 |USA	8907	5478	5861	9595	29842	0.379968
MT326123	MT326123 |USA	8904	5456	5842	9542	29744	0.379841
MT328033	MT328033 |Greece	8928	5489	5861	9597	29875	0.379916
MT328034	MT328034 |Greece	8935	5488	5863	9598	29884	0.379835
MT325562	MT325562 |USA	8932	5490	5863	9596	29882	0.379928
MT325564	MT325564 |USA	8932	5487	5863	9599	29882	0.379827
MT325567	MT325567 |USA	8933	5492	5862	9594	29882	0.379961
MT326154	MT326154 |USA	8932	5479	5858	9594	29863	0.379634
MT326155	MT326155 |USA	8889	5426	5814	9520	29734	0.378018
MT326156	MT326156 |USA	8914	5460	5840	9559	29871	0.378293
MT326157	MT326157 |USA	8862	5397	5779	9486	29532	0.378437
MT326163	MT326163 |USA	8878	5418	5798	9505	29639	0.378420
MT326165	MT326165 |USA	8883	5434	5818	9530	29730	0.378473
MT326175	MT326175 |USA	8823	5397	5780	9488	29564	0.378061
MT326177	MT326177 |USA	8888	5459	5844	9553	29770	0.379678
MT326184	MT326184 |USA	8902	5449	5834	9548	29733	0.379477
MT326185	MT326185 |USA	8940	5464	5844	9571	29823	0.379170
MT326187	MT326187 |USA	8962	5490	5864	9596	29919	0.379491
MT328032	MT328032 |Greece	8955	5490	5861	9597	29903	0.379594
MT328035	MT328035 |Greece	8955	5489	5861	9598	29903	0.379561
MT325569	MT325569 |USA	8934	5491	5861	9595	29882	0.379894
MT326097	MT326097 |USA	8915	5488	5860	9595	29859	0.380053
MT326106	MT326106 |USA	8952	5478	5859	9595	29885	0.379354
MT326107	MT326107 |USA	8865	5408	5793	9488	29643	0.377863
MT326116	MT326116 |USA	8936	5481	5860	9587	29865	0.379742
MT326117	MT326117 |USA	8948	5492	5859	9591	29890	0.379759
MT326124	MT326124 |USA	8907	5457	5841	9552	29765	0.379573
MT326125	MT326125 |USA	8928	5468	5851	9571	29828	0.379476
MT326126	MT326126 |USA	8769	5350	5733	9370	29856	0.371215
MT326127	MT326127 |USA	8930	5480	5858	9593	29861	0.379693
MT326134	MT326134 |USA	8925	5478	5862	9590	29864	0.379721
MT326135	MT326135 |USA	8923	5462	5846	9563	29794	0.379540
MT326136	MT326136 |USA	8900	5438	5823	9532	29695	0.379222
MT326137	MT326137 |USA	8931	5480	5857	9594	29862	0.379646
MT326138	MT326138 |USA	8916	5456	5844	9546	29766	0.379628
MT326139	MT326139 |USA	8847	5387	5781	9463	29647	0.376699
MT326140	MT326140 |USA	8938	5480	5858	9592	29868	0.379604
MT326141	MT326141 |USA	8840	5418	5794	9499	29551	0.379412
MT326142	MT326142 |USA	8430	5169	5538	9047	29335	0.364991
MT326143	MT326143 |USA	8880	5421	5799	9509	29617	0.378836
MT326144	MT326144 |USA	8900	5429	5813	9524	29787	0.377413
MT326145	MT326145 |USA	8753	5344	5720	9398	29301	0.377598
MT326146	MT326146 |USA	8804	5357	5733	9426	29538	0.375449
MT326148	MT326148 |USA	8920	5471	5856	9570	29817	0.379884
MT326149	MT326149 |USA	8879	5457	5837	9552	29725	0.379950
MT326150	MT326150 |USA	8943	5481	5859	9592	29876	0.379569
MT326151	MT326151 |USA	8902	5451	5837	9542	29744	0.379505
MT326152	MT326152 |USA	8912	5451	5836	9549	29758	0.379293
MT326158	MT326158 |USA	8903	5452	5834	9544	29737	0.379527
MT326159	MT326159 |USA	8907	5479	5855	9595	29836	0.379877
MT326160	MT326160 |USA	8914	5455	5840	9554	29765	0.379473
MT326161	MT326161 |USA	8849	5425	5807	9508	29589	0.379601
MT326162	MT326162 |USA	8924	5479	5859	9594	29861	0.379693
MT326168	MT326168 |USA	8917	5455	5838	9550	29772	0.379316
MT326169	MT326169 |USA	8930	5469	5854	9577	29830	0.379584
MT326170	MT326170 |USA	8870	5444	5827	9539	29710	0.379367
MT326171	MT326171 |USA	8945	5477	5857	9588	29878	0.379343
MT326172	MT326172 |USA	8932	5475	5857	9577	29854	0.379581
MT326178	MT326178 |USA	8951	5488	5864	9599	29903	0.379627
MT326179	MT326179 |USA	8764	5337	5696	9387	29737	0.371019
MT326180	MT326180 |USA	8930	5470	5853	9583	29841	0.379444
MT326181	MT326181 |USA	8884	5427	5810	9516	29641	0.379103
MT326182	MT326182 |USA	8860	5409	5785	9490	29689	0.377042
MT326183	MT326183 |USA	8884	5437	5810	9528	29755	0.377987
MT326188	MT326188 |USA	8888	5420	5799	9517	29776	0.376780
MT326189	MT326189 |USA	8940	5473	5855	9589	29882	0.379091
MT326190	MT326190 |USA	8959	5487	5865	9599	29913	0.379501
MT326191	MT326191 |USA	8930	5472	5855	9573	29832	0.379693
MT326120	MT326120 |USA	8912	5480	5859	9595	29848	0.379891
MT326118	MT326118 |USA	8940	5480	5858	9593	29871	0.379565
MT326111	MT326111 |USA	8919	5458	5841	9558	29777	0.379454
MT326110	MT326110 |USA	8897	5439	5829	9549	29773	0.378464
MT326108	MT326108 |USA	8785	5345	5704	9410	29598	0.373302
MT326101	MT326101 |USA	8604	5233	5588	9176	29754	0.363682
MT326099	MT326099 |USA	8916	5488	5860	9595	29861	0.380027
MT326098	MT326098 |USA	8934	5476	5856	9586	29867	0.379415
MT326094	MT326094 |USA	8896	5450	5839	9545	29749	0.379475
MT325599	MT325599 |USA	8931	5490	5864	9597	29882	0.379961
MT325601	MT325601 |USA	8932	5488	5863	9599	29882	0.379861
MT325602	MT325602 |USA	8932	5488	5863	9598	29882	0.379861
MT325607	MT325607 |USA	8933	5492	5863	9594	29882	0.379995
MT325608	MT325608 |USA	8933	5490	5863	9594	29882	0.379928
MT325609	MT325609 |USA	8932	5490	5864	9596	29882	0.379961
MT325610	MT325610 |USA	8933	5487	5861	9599	29882	0.379760
MT325612	MT325612 |USA	8932	5488	5861	9599	29882	0.379794
MT325616	MT325616 |USA	8932	5488	5863	9599	29882	0.379861
MT325617	MT325617 |USA	8932	5489	5864	9597	29882	0.379928
MT325618	MT325618 |USA	8932	5490	5864	9596	29882	0.379961
MT325622	MT325622 |USA	8932	5488	5862	9600	29882	0.379827
MT325623	MT325623 |USA	8933	5493	5863	9593	29882	0.380028
MT325600	MT325600 |USA	8932	5488	5863	9599	29882	0.379861
MT325606	MT325606 |USA	8933	5493	5863	9593	29882	0.380028
MT325611	MT325611 |USA	8932	5488	5863	9599	29882	0.379861
MT325613	MT325613 |USA	8932	5490	5863	9596	29882	0.379928
MT325615	MT325615 |USA	8932	5489	5863	9598	29882	0.379894
MT325619	MT325619 |USA	8932	5489	5864	9597	29882	0.379928
MT325620	MT325620 |USA	8932	5489	5864	9597	29882	0.379928
MT325624	MT325624 |USA	8933	5493	5863	9593	29882	0.380028
MT325625	MT325625 |USA	8933	5494	5863	9592	29882	0.380062
MT325565	MT325565 |USA	8932	5488	5863	9599	29882	0.379861
MT325566	MT325566 |USA	8932	5493	5861	9596	29882	0.379961
MT326147	MT326147 |USA	8916	5454	5836	9554	29777	0.379152
MT326153	MT326153 |USA	8942	5481	5860	9591	29874	0.379628
MT326173	MT326173 |USA	8840	5422	5800	9505	29574	0.379455
MT326174	MT326174 |USA	8875	5459	5841	9555	29786	0.379373
MT326176	MT326176 |USA	8663	5278	5636	9303	29301	0.372479
MT326186	MT326186 |USA	8841	5395	5765	9462	29599	0.377040
MT326023	MT326023 |USA	8916	5485	5860	9597	29858	0.379965
MT326026	MT326026 |USA	8824	5398	5778	9482	29482	0.379079
MT326027	MT326027 |USA	8915	5485	5861	9601	29863	0.379935
MT326034	MT326034 |USA	8878	5453	5839	9553	29793	0.379015
MT326039	MT326039 |USA	8894	5471	5854	9573	29792	0.380136
MT326042	MT326042 |USA	8936	5481	5856	9585	29867	0.379583
MT326045	MT326045 |USA	8865	5414	5794	9493	29600	0.378649
MT326047	MT326047 |USA	8870	5426	5807	9514	29627	0.379147
MT326051	MT326051 |USA	8919	5481	5859	9593	29853	0.379861
MT326054	MT326054 |USA	8872	5450	5838	9554	29714	0.379888
MT326060	MT326060 |USA	8815	5369	5748	9446	29548	0.376235
MT326061	MT326061 |USA	8930	5481	5859	9592	29869	0.379658
MT326064	MT326064 |USA	8859	5433	5817	9528	29662	0.379273
MT326065	MT326065 |USA	8942	5486	5860	9599	29892	0.379566
MT326068	MT326068 |USA	8932	5479	5858	9593	29864	0.379621
MT326072	MT326072 |USA	8872	5449	5829	9554	29781	0.378698
MT326076	MT326076 |USA	8906	5482	5860	9591	29839	0.380107
MT326078	MT326078 |USA	8906	5477	5859	9594	29838	0.379918
MT326079	MT326079 |USA	8832	5410	5798	9490	29804	0.376057
MT325590	MT325590 |USA	8932	5488	5863	9599	29882	0.379861
MT325640	MT325640 |USA	8932	5489	5863	9598	29882	0.379894
MT326130	MT326130 |USA	8922	5461	5844	9562	29790	0.379490
MT326129	MT326129 |USA	8945	5483	5859	9596	29895	0.379395
MT326128	MT326128 |USA	8909	5478	5857	9590	29837	0.379897
MT326121	MT326121 |USA	8883	5428	5809	9516	29643	0.379078
MT326119	MT326119 |USA	8937	5473	5858	9586	29854	0.379547
MT326109	MT326109 |USA	8842	5432	5812	9512	29649	0.379237
MT326100	MT326100 |USA	8941	5485	5859	9588	29873	0.379741
MT325568	MT325568 |USA	8931	5489	5865	9597	29882	0.379961
MT325572	MT325572 |USA	8934	5493	5862	9593	29882	0.379995
MT325575	MT325575 |USA	8933	5492	5863	9594	29882	0.379995
MT325583	MT325583 |USA	8932	5488	5863	9599	29882	0.379861
MT325584	MT325584 |USA	8932	5487	5863	9599	29882	0.379827
MT325604	MT325604 |USA	8932	5488	5860	9600	29882	0.379760
MT325631	MT325631 |USA	8932	5488	5863	9599	29882	0.379861
MT325632	MT325632 |USA	8932	5488	5863	9599	29882	0.379861
MT325635	MT325635 |USA	8932	5488	5862	9600	29882	0.379827
MT325636	MT325636 |USA	8932	5488	5862	9600	29882	0.379827
MT325637	MT325637 |USA	8932	5488	5863	9599	29882	0.379861
MT326095	MT326095 |USA	8945	5480	5858	9594	29880	0.379451
MT326096	MT326096 |USA	8938	5480	5859	9595	29876	0.379535
MT326103	MT326103 |USA	8935	5480	5860	9591	29868	0.379671
MT326112	MT326112 |USA	8923	5469	5850	9572	29814	0.379654
MT326113	MT326113 |USA	8925	5477	5856	9591	29858	0.379563
MT326114	MT326114 |USA	8822	5396	5772	9483	29474	0.378910
MT326115	MT326115 |USA	8626	5298	5673	9290	29520	0.371646
MT326122	MT326122 |USA	8877	5420	5801	9512	29616	0.378883
MT326131	MT326131 |USA	8503	5183	5538	9120	29381	0.364896
MT326132	MT326132 |USA	8944	5486	5860	9597	29888	0.379617
MT326133	MT326133 |USA	8905	5479	5857	9591	29832	0.379995
MT325563	MT325563 |USA	8932	5489	5864	9596	29882	0.379928
MT326164	MT326164 |USA	8940	5481	5856	9592	29870	0.379545
MT326166	MT326166 |USA	8906	5453	5840	9556	29759	0.379482
MT326167	MT326167 |USA	8947	5486	5859	9602	29897	0.379470
MT325570	MT325570 |USA	8933	5493	5863	9593	29882	0.380028
MT325579	MT325579 |USA	8932	5489	5862	9597	29882	0.379861
MT325581	MT325581 |USA	8931	5485	5863	9603	29882	0.379760
MT325582	MT325582 |USA	8932	5488	5863	9599	29882	0.379861
MT325586	MT325586 |USA	8932	5488	5862	9600	29882	0.379827
MT325594	MT325594 |USA	8932	5487	5864	9599	29882	0.379861
MT325598	MT325598 |USA	8932	5488	5863	9599	29882	0.379861
MT325626	MT325626 |USA	8931	5489	5864	9598	29882	0.379928
MT325628	MT325628 |USA	8934	5492	5862	9594	29882	0.379961
MT325633	MT325633 |USA	8932	5488	5863	9599	29882	0.379861
MT325634	MT325634 |USA	8933	5492	5862	9595	29882	0.379961
MT326030	MT326030 |USA	8937	5474	5857	9585	29853	0.379560
MT326038	MT326038 |USA	8716	5337	5722	9346	29440	0.375645
MT326058	MT326058 |USA	8905	5475	5857	9593	29830	0.379886
MT326093	MT326093 |USA	8908	5481	5855	9588	29833	0.379982
MT326092	MT326092 |USA	8949	5487	5859	9595	29890	0.379592
MT326091	MT326091 |USA	8897	5446	5828	9534	29710	0.379468
MT326090	MT326090 |USA	8925	5462	5842	9564	29794	0.379405
MT326085	MT326085 |USA	8933	5459	5844	9558	29795	0.379359
MT326084	MT326084 |USA	8912	5473	5856	9586	29827	0.379824
MT326083	MT326083 |USA	8866	5446	5828	9543	29683	0.379813
MT326082	MT326082 |USA	8904	5478	5858	9593	29833	0.379982
MT326081	MT326081 |USA	8906	5479	5860	9590	29836	0.380044
MT326080	MT326080 |USA	8449	5128	5505	9000	29379	0.361925
MT326077	MT326077 |USA	8876	5414	5790	9498	29628	0.378156
MT326067	MT326067 |USA	8938	5480	5858	9592	29870	0.379578
MT326057	MT326057 |USA	8592	5265	5637	9190	29424	0.370514
MT326024	MT326024 |USA	8866	5444	5830	9543	29685	0.379788
MT326025	MT326025 |USA	8860	5436	5821	9531	29707	0.378934
MT326032	MT326032 |USA	8727	5294	5697	9319	29854	0.368158
MT326033	MT326033 |USA	8836	5410	5792	9496	29534	0.379292
MT326035	MT326035 |USA	8916	5462	5837	9557	29778	0.379441
MT326036	MT326036 |USA	8883	5463	5844	9557	29747	0.380106
MT326037	MT326037 |USA	8788	5366	5746	9441	29422	0.377677
MT326040	MT326040 |USA	8903	5476	5859	9582	29820	0.380114
MT326041	MT326041 |USA	8886	5467	5850	9567	29774	0.380097
MT326043	MT326043 |USA	8838	5417	5796	9498	29549	0.379471
MT326044	MT326044 |USA	8881	5455	5834	9549	29746	0.379513
MT326046	MT326046 |USA	8912	5455	5841	9559	29777	0.379353
MT326049	MT326049 |USA	8904	5477	5855	9589	29833	0.379848
MT326050	MT326050 |USA	8789	5372	5748	9435	29451	0.377576
MT326052	MT326052 |USA	8946	5487	5863	9594	29892	0.379700
MT326053	MT326053 |USA	8910	5455	5840	9555	29763	0.379498
MT326055	MT326055 |USA	8939	5474	5859	9586	29860	0.379538
MT326056	MT326056 |USA	8928	5480	5857	9592	29865	0.379608
MT326059	MT326059 |USA	8858	5432	5814	9524	29643	0.379381
MT326062	MT326062 |USA	8824	5399	5779	9478	29480	0.379172
MT326063	MT326063 |USA	8940	5480	5857	9593	29872	0.379519
MT326066	MT326066 |USA	8938	5480	5858	9592	29870	0.379578
MT326069	MT326069 |USA	8945	5479	5859	9593	29882	0.379426
MT326070	MT326070 |USA	8905	5479	5858	9592	29834	0.380003
MT326071	MT326071 |USA	8910	5485	5858	9591	29846	0.380051
MT326073	MT326073 |USA	8671	5307	5686	9284	29428	0.373556
MT326074	MT326074 |USA	8906	5480	5859	9592	29839	0.380006
MT326075	MT326075 |USA	8906	5479	5858	9593	29836	0.379977
MT326088	MT326088 |USA	8940	5480	5860	9592	29872	0.379620
MT326089	MT326089 |USA	8912	5483	5861	9594	29851	0.380021
MT327745	MT327745 |Turkey	8911	5487	5852	9582	29832	0.380095
MT324062	MT324062 |South Africa	8953	5487	5864	9599	29903	0.379594
MT324684	MT324684 |USA	8940	5493	5863	9593	29889	0.379939
MT325573	MT325573 |USA	8933	5491	5864	9592	29882	0.379995
MT325574	MT325574 |USA	8932	5489	5862	9596	29882	0.379861
MT325576	MT325576 |USA	8932	5490	5864	9596	29882	0.379961
MT325577	MT325577 |USA	8932	5487	5863	9600	29882	0.379827
MT325578	MT325578 |USA	8932	5490	5863	9597	29882	0.379928
MT325580	MT325580 |USA	8932	5488	5863	9599	29882	0.379861
MT325591	MT325591 |USA	8932	5490	5864	9596	29882	0.379961
MT325592	MT325592 |USA	8935	5491	5861	9595	29882	0.379894
MT325593	MT325593 |USA	8935	5491	5861	9595	29882	0.379894
MT325595	MT325595 |USA	8932	5488	5863	9599	29882	0.379861
MT325605	MT325605 |USA	8932	5488	5863	9599	29882	0.379861
MT325627	MT325627 |USA	8932	5488	5863	9599	29882	0.379861
MT326028	MT326028 |USA	8904	5477	5858	9584	29823	0.380076
MT326029	MT326029 |USA	8933	5477	5858	9591	29863	0.379567
MT326031	MT326031 |USA	8910	5449	5830	9552	29775	0.378808
MT326048	MT326048 |USA	8938	5479	5859	9593	29871	0.379565
MT322398	MT322398 |USA	8937	5475	5853	9588	29866	0.379294
MT039874	MT039874 |China	8916	5492	5861	9589	29858	0.380233
MT077125	MT077125 |Italy	8894	5475	5848	9568	29785	0.380158
MT322396	MT322396 |USA	8937	5478	5856	9588	29867	0.379482
MT322397	MT322397 |USA	8947	5489	5860	9592	29893	0.379654
MT322399	MT322399 |USA	8856	5428	5809	9499	29864	0.376272
MT322402	MT322402 |USA	8948	5487	5860	9596	29898	0.379524
MT322403	MT322403 |USA	8911	5488	5856	9586	29851	0.380021
MT322404	MT322404 |USA	8939	5479	5860	9587	29865	0.379675
MT322406	MT322406 |USA	8943	5483	5858	9594	29886	0.379475
MT322407	MT322407 |USA	8938	5479	5857	9586	29866	0.379562
MT322408	MT322408 |USA	8940	5479	5860	9587	29866	0.379662
MT322410	MT322410 |USA	8948	5487	5860	9594	29891	0.379613
MT322412	MT322412 |USA	8915	5488	5861	9595	29859	0.380086
MT322413	MT322413 |USA	8948	5488	5862	9597	29897	0.379637
MT322415	MT322415 |USA	8939	5476	5859	9591	29865	0.379541
MT322422	MT322422 |USA	8948	5487	5860	9599	29897	0.379536
MT322423	MT322423 |USA	8949	5487	5857	9598	29900	0.379398
MT322424	MT322424 |USA	8952	5487	5863	9600	29903	0.379561
MT322394	MT322394 |USA	8938	5479	5860	9588	29865	0.379675
MT322395	MT322395 |USA	8939	5480	5860	9588	29867	0.379683
MT322405	MT322405 |USA	8953	5488	5863	9598	29902	0.379607
MT322409	MT322409 |USA	8951	5489	5862	9593	29900	0.379632
MT322414	MT322414 |USA	8933	5465	5846	9567	29901	0.378282
MT322400	MT322400 |USA	8897	5457	5831	9536	29887	0.377689
MT322401	MT322401 |USA	8952	5488	5863	9597	29900	0.379632
MT322411	MT322411 |USA	8940	5481	5857	9585	29866	0.379629
MT322416	MT322416 |USA	8935	5477	5856	9590	29867	0.379449
MT322417	MT322417 |USA	8952	5487	5863	9599	29901	0.379586
MT322418	MT322418 |USA	8949	5486	5861	9597	29896	0.379549
MT322419	MT322419 |USA	8951	5486	5863	9597	29899	0.379578
MT322420	MT322420 |USA	8940	5478	5856	9589	29864	0.379520
MT322421	MT322421 |USA	8914	5486	5858	9599	29859	0.379919
MT320538	MT320538 |France	8860	5455	5817	9547	29679	0.379797
MT320891	MT320891 |Iran	8907	5480	5854	9587	29828	0.379979
MT308692	MT308692 |USA	8481	5232	5568	9140	29789	0.362550
MT308693	MT308693 |USA	8799	5419	5781	9445	29788	0.375990
MT308695	MT308695 |USA	8603	5304	5665	9238	29765	0.368520
MT308696	MT308696 |USA	8504	5229	5586	9134	29767	0.363322
MT308698	MT308698 |USA	8749	5379	5749	9381	29783	0.373636
MT308699	MT308699 |USA	8615	5303	5667	9264	29782	0.368343
MT308703	MT308703 |USA	8909	5485	5854	9586	29834	0.380070
MT308704	MT308704 |USA	8905	5481	5849	9584	29834	0.379768
MT308694	MT308694 |USA	8453	5199	5564	9079	29757	0.361696
MT308697	MT308697 |USA	8633	5326	5684	9283	29789	0.369600
MT308700	MT308700 |USA	8744	5377	5749	9380	29792	0.373456
MT308702	MT308702 |USA	8908	5482	5855	9589	29834	0.380003
MT304476	MT304476 |South Korea	8933	5490	5860	9599	29882	0.379827
MT304474	MT304474 |South Korea	8933	5490	5860	9599	29882	0.379827
MT304475	MT304475 |South Korea	8933	5490	5860	9599	29882	0.379827
MT304477	MT304477 |USA	8934	5490	5860	9596	29882	0.379827
MT304478	MT304478 |USA	8934	5489	5861	9597	29882	0.379827
MT304479	MT304479 |USA	8934	5490	5862	9596	29882	0.379894
MT304481	MT304481 |USA	8933	5493	5863	9593	29882	0.380028
MT304482	MT304482 |USA	8933	5492	5863	9594	29882	0.379995
MT304484	MT304484 |USA	8932	5488	5863	9599	29882	0.379861
MT304485	MT304485 |USA	8932	5488	5863	9599	29882	0.379861
MT304486	MT304486 |USA	8932	5488	5863	9599	29882	0.379861
MT304487	MT304487 |USA	8933	5491	5861	9597	29882	0.379894
MT304488	MT304488 |USA	8931	5488	5865	9598	29882	0.379928
MT304491	MT304491 |USA	8932	5485	5863	9597	29882	0.379760
MT304480	MT304480 |USA	8933	5493	5863	9593	29882	0.380028
MT304483	MT304483 |USA	8933	5490	5863	9594	29882	0.379928
MT304489	MT304489 |USA	8933	5483	5860	9596	29882	0.379593
MT304490	MT304490 |USA	8933	5488	5862	9599	29882	0.379827
MT300186	MT300186 |USA	8908	5481	5855	9590	29834	0.379969
MT291831	MT291831 |China	8926	5490	5862	9594	29872	0.380021
MT291836	MT291836 |China	8916	5488	5859	9597	29860	0.380007
MT291834	MT291834 |China	8921	5493	5859	9592	29865	0.380110
MT291835	MT291835 |China	8924	5492	5864	9591	29871	0.380168
MT292570	MT292570 |Spain	8890	5469	5851	9568	29782	0.380095
MT293173	MT293173 |USA	8929	5468	5851	9570	29820	0.379577
MT292574	MT292574 |Spain	8894	5469	5849	9569	29782	0.380028
MT293179	MT293179 |USA	8951	5481	5858	9585	29877	0.379523
MT293181	MT293181 |USA	8938	5482	5860	9591	29871	0.379699
MT293183	MT293183 |USA	8938	5480	5861	9592	29871	0.379666
MT293195	MT293195 |USA	8939	5480	5859	9593	29871	0.379599
MT293196	MT293196 |USA	8942	5484	5858	9594	29888	0.379483
MT293201	MT293201 |USA	8914	5480	5859	9593	29846	0.379917
MT293204	MT293204 |USA	8949	5486	5861	9600	29896	0.379549
MT291829	MT291829 |China	8889	5471	5850	9564	29774	0.380231
MT291830	MT291830 |China	8918	5472	5852	9565	29807	0.379911
MT291827	MT291827 |China	8932	5482	5859	9585	29858	0.379831
MT292572	MT292572 |Spain	8894	5474	5848	9566	29782	0.380163
MT292577	MT292577 |Spain	8827	5411	5803	9462	29782	0.376536
MT293186	MT293186 |USA	8935	5483	5860	9587	29865	0.379809
MT293187	MT293187 |USA	8936	5482	5859	9587	29869	0.379691
MT293188	MT293188 |USA	8889	5471	5852	9566	29778	0.380247
MT292580	MT292580 |Spain	8259	5071	5413	8863	29782	0.352025
MT292581	MT292581 |Spain	8439	5167	5516	9028	29782	0.358707
MT292571	MT292571 |Spain	8895	5470	5849	9568	29782	0.380062
MT292576	MT292576 |Spain	8827	5412	5803	9462	29782	0.376570
MT292578	MT292578 |Spain	8750	5362	5753	9366	29782	0.373212
MT293185	MT293185 |USA	8883	5427	5811	9517	29640	0.379150
MT293160	MT293160 |USA	8929	5480	5860	9590	29864	0.379721
MT293161	MT293161 |USA	8942	5477	5858	9594	29873	0.379440
MT293199	MT293199 |USA	8863	5444	5829	9535	29671	0.379933
MT292579	MT292579 |Spain	8559	5244	5630	9194	29782	0.365120
MT291828	MT291828 |China	8931	5482	5860	9585	29858	0.379865
MT293166	MT293166 |USA	8931	5481	5861	9591	29865	0.379776
MT293167	MT293167 |USA	8914	5452	5832	9553	29796	0.378709
MT293168	MT293168 |USA	8891	5434	5823	9527	29694	0.379100
MT293175	MT293175 |USA	8887	5466	5851	9569	29776	0.380071
MT293190	MT293190 |USA	8929	5471	5855	9574	29829	0.379698
MT293191	MT293191 |USA	8900	5443	5829	9539	29711	0.379388
MT293159	MT293159 |USA	8944	5489	5862	9595	29890	0.379759
MT292582	MT292582 |Spain	8109	4915	5300	8715	29782	0.342992
MT293162	MT293162 |USA	8915	5481	5858	9594	29848	0.379891
MT293163	MT293163 |USA	8852	5423	5808	9513	29596	0.379477
MT293164	MT293164 |USA	8883	5465	5848	9563	29772	0.379988
MT293165	MT293165 |USA	8909	5480	5858	9589	29839	0.379973
MT293156	MT293156 |USA	8910	5479	5858	9590	29844	0.379875
MT293157	MT293157 |USA	8872	5420	5799	9508	29603	0.378982
MT293158	MT293158 |USA	8884	5463	5841	9551	29748	0.379992
MT281577	MT281577 |China	8953	5492	5861	9597	29903	0.379661
MT293171	MT293171 |USA	8929	5476	5857	9586	29848	0.379690
MT293174	MT293174 |USA	8892	5430	5818	9526	29672	0.379078
MT293176	MT293176 |USA	8952	5480	5858	9593	29883	0.379413
MT293182	MT293182 |USA	8932	5478	5857	9594	29866	0.379529
MT293210	MT293210 |USA	8939	5482	5860	9590	29871	0.379699
MT293211	MT293211 |USA	8934	5473	5857	9588	29864	0.379387
MT293217	MT293217 |USA	8718	5289	5663	9331	29273	0.374133
MT293218	MT293218 |USA	8937	5484	5860	9588	29870	0.379779
MT295465	MT295465 |USA	8951	5492	5860	9590	29893	0.379754
MT293213	MT293213 |USA	8939	5485	5857	9595	29887	0.379496
MT293221	MT293221 |USA	8841	5418	5797	9503	29559	0.379411
MT295464	MT295464 |USA	8948	5490	5862	9592	29892	0.379767
MT292569	MT292569 |Spain	8892	5470	5852	9568	29782	0.380163
MT293169	MT293169 |USA	8888	5462	5847	9565	29790	0.379624
MT293172	MT293172 |USA	8939	5479	5858	9593	29870	0.379545
MT293177	MT293177 |USA	8946	5482	5861	9590	29882	0.379593
MT293200	MT293200 |USA	8917	5480	5858	9588	29852	0.379807
MT293198	MT293198 |USA	8932	5485	5861	9594	29881	0.379706
MT293205	MT293205 |USA	8905	5478	5857	9593	29833	0.379948
MT293207	MT293207 |USA	8934	5482	5856	9591	29866	0.379629
MT293212	MT293212 |USA	8943	5482	5861	9596	29883	0.379580
MT293216	MT293216 |USA	8924	5483	5860	9591	29859	0.379885
MT293219	MT293219 |USA	8943	5488	5863	9591	29885	0.379823
MT293222	MT293222 |USA	8933	5472	5855	9581	29842	0.379566
MT293224	MT293224 |USA	8914	5480	5856	9587	29847	0.379804
MT293225	MT293225 |USA	8930	5484	5860	9590	29865	0.379843
MT293206	MT293206 |USA	8908	5425	5812	9523	29668	0.378758
MT293208	MT293208 |USA	8945	5483	5860	9589	29884	0.379568
MT293209	MT293209 |USA	8911	5481	5857	9591	29842	0.379934
MT293214	MT293214 |USA	8873	5443	5828	9541	29801	0.378209
MT293215	MT293215 |USA	8918	5482	5856	9594	29855	0.379769
MT293220	MT293220 |USA	8937	5479	5859	9594	29869	0.379591
MT293170	MT293170 |USA	8922	5455	5837	9552	29798	0.378952
MT292573	MT292573 |Spain	8895	5470	5848	9569	29782	0.380028
MT293178	MT293178 |USA	8939	5480	5858	9591	29868	0.379604
MT292575	MT292575 |Spain	8892	5470	5850	9568	29782	0.380095
MT293180	MT293180 |USA	8748	5368	5761	9381	29554	0.376565
MT293184	MT293184 |USA	8893	5450	5830	9550	29756	0.379083
MT293189	MT293189 |USA	8932	5480	5858	9593	29863	0.379667
MT293192	MT293192 |USA	8939	5479	5860	9590	29868	0.379637
MT293193	MT293193 |USA	8667	5296	5647	9319	29251	0.374107
MT293194	MT293194 |USA	8892	5428	5811	9515	29653	0.379017
MT293197	MT293197 |USA	8854	5428	5815	9522	29619	0.379587
MT293202	MT293202 |USA	8941	5481	5861	9591	29874	0.379661
MT293203	MT293203 |USA	8819	5403	5784	9487	29527	0.378874
MT293223	MT293223 |USA	8903	5447	5827	9557	29846	0.377739
MT291826	MT291826 |China	8918	5473	5852	9564	29807	0.379944
MT291832	MT291832 |China	8907	5488	5853	9580	29828	0.380213
MT291833	MT291833 |China	8906	5486	5854	9575	29821	0.380269
MT281530	MT281530 |Iran	8501	5229	5603	9174	29828	0.363149
MT276331	MT276331 |USA	8933	5488	5862	9598	29882	0.379827
MT276325	MT276325 |USA	8933	5492	5862	9595	29882	0.379961
MT276324	MT276324 |USA	8933	5492	5862	9595	29882	0.379961
MT276326	MT276326 |USA	8933	5491	5860	9598	29882	0.379861
MT276327	MT276327 |USA	8934	5490	5860	9598	29882	0.379827
MT276330	MT276330 |USA	8934	5489	5861	9598	29882	0.379827
MT276329	MT276329 |USA	8934	5489	5861	9598	29882	0.379827
MT276597	MT276597 |Israel	8914	5488	5862	9587	29851	0.380222
MT276598	MT276598 |Israel	8921	5488	5864	9597	29870	0.380047
MT276323	MT276323 |USA	8931	5487	5865	9599	29882	0.379894
MT276328	MT276328 |USA	8934	5491	5861	9596	29882	0.379894
MT262896	MT262896 |USA	8932	5491	5864	9595	29882	0.379995
MT263385	MT263385 |USA	8858	5405	5788	9487	29610	0.378014
MT263392	MT263392 |USA	8912	5485	5855	9591	29843	0.379989
MT262900	MT262900 |USA	8932	5490	5864	9596	29882	0.379961
MT262901	MT262901 |USA	8932	5490	5864	9596	29882	0.379961
MT262902	MT262902 |USA	8932	5491	5864	9595	29882	0.379995
MT262909	MT262909 |USA	8932	5491	5864	9595	29882	0.379995
MT262911	MT262911 |USA	8932	5490	5864	9596	29882	0.379961
MT262912	MT262912 |USA	8932	5490	5864	9596	29882	0.379961
MT263382	MT263382 |USA	8927	5469	5845	9570	29900	0.378395
MT263383	MT263383 |USA	8916	5460	5842	9556	29797	0.379300
MT263384	MT263384 |USA	8897	5455	5835	9550	29793	0.378948
MT263423	MT263423 |USA	8928	5471	5854	9573	29829	0.379664
MT263431	MT263431 |USA	8934	5474	5858	9588	29863	0.379466
MT263421	MT263421 |USA	8948	5485	5863	9598	29900	0.379532
MT263443	MT263443 |USA	8935	5479	5860	9591	29869	0.379624
MT263461	MT263461 |USA	8839	5410	5789	9489	29828	0.375453
MT263420	MT263420 |USA	8906	5481	5858	9589	29839	0.380006
MT263429	MT263429 |USA	8949	5489	5859	9591	29889	0.379671
MT263434	MT263434 |USA	8893	5470	5854	9573	29790	0.380128
MT263435	MT263435 |USA	8941	5485	5863	9593	29882	0.379760
MT263437	MT263437 |USA	8941	5482	5858	9590	29871	0.379632
MT263445	MT263445 |USA	8918	5485	5860	9598	29868	0.379838
MT263428	MT263428 |USA	8917	5456	5840	9561	29778	0.379340
MT263433	MT263433 |USA	8918	5480	5858	9593	29853	0.379794
MT263436	MT263436 |USA	8914	5480	5857	9586	29846	0.379850
MT263438	MT263438 |USA	8940	5480	5860	9592	29872	0.379620
MT263440	MT263440 |USA	8947	5477	5859	9580	29863	0.379600
MT263444	MT263444 |USA	8926	5480	5860	9589	29857	0.379810
MT263452	MT263452 |USA	8903	5482	5859	9588	29833	0.380149
MT263455	MT263455 |USA	8865	5444	5833	9539	29705	0.379633
MT263456	MT263456 |USA	8914	5458	5843	9556	29775	0.379547
MT263462	MT263462 |USA	8886	5468	5848	9562	29764	0.380191
MT263463	MT263463 |USA	8942	5481	5859	9586	29868	0.379671
MT263466	MT263466 |USA	8801	5406	5773	9447	29634	0.377236
MT263446	MT263446 |USA	8924	5487	5862	9598	29872	0.379921
MT263447	MT263447 |USA	8939	5480	5861	9588	29868	0.379704
MT263448	MT263448 |USA	8921	5470	5853	9573	29828	0.379610
MT263449	MT263449 |USA	8924	5471	5854	9572	29828	0.379677
MT263451	MT263451 |USA	8862	5446	5827	9533	29693	0.379652
MT263453	MT263453 |USA	8875	5439	5825	9511	29777	0.378279
MT263388	MT263388 |USA	8880	5452	5837	9553	29740	0.379590
MT263391	MT263391 |USA	8953	5487	5862	9591	29911	0.379426
MT262903	MT262903 |USA	8932	5491	5864	9595	29882	0.379995
MT262906	MT262906 |USA	8932	5491	5864	9595	29882	0.379995
MT262907	MT262907 |USA	8932	5490	5864	9596	29882	0.379961
MT262908	MT262908 |USA	8932	5491	5864	9595	29882	0.379995
MT262913	MT262913 |USA	8932	5490	5864	9596	29882	0.379961
MT262914	MT262914 |USA	8932	5490	5864	9596	29882	0.379961
MT263390	MT263390 |USA	8910	5453	5840	9549	29761	0.379456
MT263398	MT263398 |USA	8919	5463	5839	9563	29884	0.378196
MT263403	MT263403 |USA	8943	5482	5860	9590	29878	0.379610
MT263430	MT263430 |USA	8933	5473	5855	9576	29838	0.379650
MT263399	MT263399 |USA	8955	5482	5859	9590	29886	0.379475
MT263404	MT263404 |USA	8935	5486	5858	9587	29866	0.379830
MT263405	MT263405 |USA	8915	5475	5857	9580	29834	0.379835
MT263414	MT263414 |USA	8930	5470	5855	9575	29830	0.379651
MT263389	MT263389 |USA	8617	5225	5610	9247	29454	0.367862
MT263393	MT263393 |USA	8752	5323	5699	9373	29529	0.373260
MT263394	MT263394 |USA	8869	5449	5832	9547	29697	0.379870
MT263395	MT263395 |USA	8955	5491	5862	9595	29904	0.379648
MT263396	MT263396 |USA	8950	5491	5865	9596	29903	0.379761
MT263397	MT263397 |USA	8862	5403	5779	9496	29601	0.377758
MT263402	MT263402 |USA	8914	5482	5857	9591	29844	0.379942
MT263469	MT263469 |USA	8953	5475	5854	9575	29857	0.379442
MT263441	MT263441 |USA	8907	5462	5844	9556	29793	0.379485
MT263454	MT263454 |USA	8907	5477	5857	9587	29837	0.379864
MT263467	MT263467 |USA	8937	5475	5856	9584	29853	0.379560
MT263465	MT263465 |USA	8935	5477	5856	9590	29867	0.379449
MT263468	MT263468 |USA	8944	5487	5861	9598	29892	0.379633
MT263439	MT263439 |USA	8926	5478	5859	9594	29863	0.379634
MT263457	MT263457 |USA	8901	5471	5856	9573	29801	0.380088
MT263460	MT263460 |USA	8820	5384	5751	9443	29755	0.374223
MT263450	MT263450 |USA	8909	5482	5859	9589	29841	0.380048
MT263458	MT263458 |USA	8935	5487	5863	9595	29881	0.379840
MT263459	MT263459 |USA	8957	5491	5866	9598	29917	0.379617
MT263464	MT263464 |USA	8905	5480	5858	9589	29832	0.380062
MT263386	MT263386 |USA	8891	5459	5839	9557	29808	0.379026
MT263387	MT263387 |USA	8895	5431	5795	9524	29852	0.376055
MT262897	MT262897 |USA	8932	5491	5864	9595	29882	0.379995
MT262899	MT262899 |USA	8932	5491	5864	9595	29882	0.379995
MT262904	MT262904 |USA	8932	5491	5864	9595	29882	0.379995
MT262905	MT262905 |USA	8932	5490	5864	9596	29882	0.379961
MT262910	MT262910 |USA	8932	5490	5864	9596	29882	0.379961
MT263408	MT263408 |USA	8900	5472	5857	9581	29810	0.380040
MT263412	MT263412 |USA	8925	5471	5853	9572	29829	0.379631
MT263416	MT263416 |USA	8900	5476	5856	9583	29815	0.380077
MT263417	MT263417 |USA	8933	5482	5858	9591	29871	0.379632
MT263422	MT263422 |USA	8932	5469	5856	9574	29837	0.379562
MT263432	MT263432 |USA	8943	5476	5858	9586	29866	0.379495
MT263419	MT263419 |USA	8936	5476	5858	9582	29853	0.379660
MT263424	MT263424 |USA	8916	5476	5858	9580	29830	0.379953
MT263427	MT263427 |USA	8744	5349	5740	9388	29818	0.371889
MT263442	MT263442 |USA	8923	5468	5852	9571	29819	0.379624
MT263413	MT263413 |USA	8930	5479	5856	9592	29862	0.379579
MT263418	MT263418 |USA	8941	5483	5859	9588	29876	0.379636
MT263425	MT263425 |USA	8937	5474	5855	9575	29841	0.379645
MT263401	MT263401 |USA	8808	5383	5753	9462	29473	0.377837
MT263409	MT263409 |USA	8530	5247	5635	9207	29443	0.369595
MT263410	MT263410 |USA	8940	5483	5859	9589	29871	0.379699
MT263411	MT263411 |USA	8951	5473	5857	9585	29866	0.379361
MT263426	MT263426 |USA	8909	5438	5809	9527	29792	0.377517
MT263406	MT263406 |USA	8953	5481	5858	9595	29887	0.379396
MT263407	MT263407 |USA	8731	5361	5741	9404	29575	0.375385
MT263415	MT263415 |USA	8938	5469	5854	9579	29840	0.379457
MT262993	MT262993 |Pakistan	8917	5486	5858	9575	29836	0.380212
MT263074	MT263074 |Peru	8915	5490	5859	9592	29856	0.380125
MT263381	MT263381 |USA	8956	5488	5863	9596	29910	0.379505
MT262898	MT262898 |USA	8932	5491	5864	9595	29882	0.379995
MT262915	MT262915 |USA	8932	5490	5863	9597	29882	0.379928
MT262916	MT262916 |USA	8932	5490	5864	9596	29882	0.379961
MT263400	MT263400 |USA	8935	5475	5853	9576	29841	0.379612
MT259257	MT259257 |USA	8931	5481	5860	9590	29868	0.379704
MT259261	MT259261 |USA	8908	5478	5857	9592	29837	0.379897
MT259262	MT259262 |USA	8854	5425	5807	9513	29599	0.379472
MT259263	MT259263 |USA	8946	5482	5857	9591	29878	0.379510
MT259264	MT259264 |USA	8906	5479	5858	9593	29836	0.379977
MT259268	MT259268 |USA	8911	5456	5842	9549	29759	0.379650
MT259269	MT259269 |USA	8941	5490	5864	9598	29894	0.379809
MT259270	MT259270 |USA	8651	5294	5658	9308	29436	0.372061
MT259271	MT259271 |USA	8919	5490	5862	9593	29864	0.380123
MT259272	MT259272 |USA	8692	5304	5692	9319	29389	0.374154
MT259273	MT259273 |USA	8950	5484	5860	9593	29892	0.379500
MT259275	MT259275 |USA	8908	5482	5860	9589	29841	0.380081
MT259276	MT259276 |USA	8923	5470	5841	9574	29872	0.378649
MT259277	MT259277 |USA	8940	5480	5860	9590	29881	0.379505
MT259279	MT259279 |USA	8724	5359	5734	9365	29399	0.377326
MT259244	MT259244 |USA	8935	5478	5859	9592	29865	0.379608
MT259245	MT259245 |USA	8925	5470	5854	9568	29826	0.379669
MT258381	MT258381 |USA	8951	5486	5862	9597	29899	0.379544
MT258377	MT258377 |USA	8947	5490	5858	9591	29888	0.379684
MT258379	MT258379 |USA	8952	5490	5857	9591	29892	0.379600
MT259226	MT259226 |China	8929	5494	5858	9587	29868	0.380072
MT259281	MT259281 |USA	8907	5481	5858	9591	29839	0.380006
MT259282	MT259282 |USA	8901	5476	5857	9581	29815	0.380111
MT259283	MT259283 |USA	8706	5309	5664	9346	29192	0.375891
MT258378	MT258378 |USA	8949	5488	5861	9594	29892	0.379667
MT259231	MT259231 |China	8924	5492	5860	9589	29865	0.380110
MT259274	MT259274 |USA	8908	5462	5841	9552	29779	0.379563
MT259286	MT259286 |USA	8927	5483	5857	9590	29857	0.379810
MT256917	MT256917 |Spain	8009	4918	5254	8556	29782	0.341549
MT259227	MT259227 |China	8921	5493	5864	9585	29863	0.380303
MT259238	MT259238 |USA	8199	4980	5332	8775	29161	0.353623
MT258382	MT258382 |USA	8943	5480	5855	9575	29885	0.379287
MT259246	MT259246 |USA	8913	5481	5860	9588	29842	0.380035
MT259253	MT259253 |USA	8925	5470	5851	9567	29813	0.379734
MT259254	MT259254 |USA	8946	5489	5862	9590	29887	0.379797
MT259255	MT259255 |USA	8669	5314	5664	9262	29450	0.372767
MT259259	MT259259 |USA	8297	5086	5487	8936	29280	0.361100
MT259265	MT259265 |USA	8802	5389	5768	9462	29468	0.378614
MT259284	MT259284 |USA	8778	5378	5747	9421	29432	0.377990
MT259252	MT259252 |USA	8894	5472	5852	9572	29790	0.380128
MT259229	MT259229 |China	8923	5492	5860	9589	29864	0.380123
MT259230	MT259230 |China	8925	5492	5860	9589	29866	0.380098
MT259260	MT259260 |USA	8939	5480	5858	9593	29871	0.379565
MT259285	MT259285 |USA	8917	5475	5852	9574	29831	0.379706
MT259278	MT259278 |USA	8949	5487	5862	9597	29897	0.379603
MT259280	MT259280 |USA	8882	5425	5810	9518	29642	0.379023
MT259247	MT259247 |USA	8887	5427	5812	9517	29646	0.379107
MT259240	MT259240 |USA	8835	5418	5797	9494	29544	0.379603
MT259243	MT259243 |USA	8887	5459	5845	9566	29757	0.379877
MT259249	MT259249 |USA	8925	5468	5853	9575	29821	0.379632
MT259250	MT259250 |USA	8883	5438	5822	9531	29702	0.379099
MT259251	MT259251 |USA	8952	5479	5859	9593	29884	0.379400
MT259256	MT259256 |USA	8904	5477	5858	9594	29833	0.379948
MT259258	MT259258 |USA	8901	5424	5810	9520	29657	0.378798
MT259266	MT259266 |USA	8891	5469	5851	9565	29776	0.380172
MT259267	MT259267 |USA	8918	5483	5857	9594	29852	0.379874
MT259287	MT259287 |USA	8864	5448	5831	9545	29688	0.379918
MT259241	MT259241 |USA	8897	5437	5822	9526	29682	0.379321
MT259242	MT259242 |USA	8698	5291	5669	9357	29173	0.375690
MT259228	MT259228 |China	8922	5492	5860	9587	29861	0.380161
MT259236	MT259236 |USA	8947	5484	5861	9590	29883	0.379647
MT258383	MT258383 |USA	8948	5486	5859	9591	29887	0.379596
MT259248	MT259248 |USA	8941	5484	5861	9592	29879	0.379698
MT256918	MT256918 |Spain	7734	4788	5105	8311	29782	0.332181
MT258380	MT258380 |USA	8948	5488	5861	9592	29890	0.379692
MT259235	MT259235 |USA	8904	5453	5842	9552	29751	0.379651
MT259237	MT259237 |USA	8928	5481	5859	9589	29864	0.379721
MT259239	MT259239 |USA	8847	5423	5804	9509	29583	0.379509
MT256924	MT256924 |Colombia	8893	5470	5849	9568	29782	0.380062
LC534419	LC534419 |Japan	8932	5492	5860	9590	29874	0.379996
LC534418	LC534418 |Japan	8931	5491	5861	9595	29878	0.379945
MT253704	MT253704 |China	8894	5472	5850	9565	29781	0.380175
MT253710	MT253710 |China	8894	5472	5850	9565	29781	0.380175
MT253701	MT253701 |China	8894	5472	5850	9565	29781	0.380175
MT253702	MT253702 |China	8894	5472	5850	9565	29781	0.380175
MT253703	MT253703 |China	8894	5472	5850	9565	29781	0.380175
MT253706	MT253706 |China	8894	5471	5850	9565	29781	0.380142
MT253707	MT253707 |China	8894	5472	5850	9565	29781	0.380175
MT251972	MT251972 |USA	8922	5479	5860	9585	29861	0.379726
MT251973	MT251973 |USA	8922	5484	5859	9594	29871	0.379733
MT251975	MT251975 |USA	8943	5485	5858	9588	29875	0.379682
MT251976	MT251976 |USA	8950	5486	5861	9602	29899	0.379511
MT251978	MT251978 |USA	8953	5490	5863	9596	29905	0.379636
MT251979	MT251979 |USA	8907	5472	5856	9584	29839	0.379637
MT251977	MT251977 |USA	8926	5469	5854	9574	29829	0.379597
MT251980	MT251980 |USA	8927	5472	5855	9582	29845	0.379528
MT253696	MT253696 |China	8894	5472	5850	9565	29781	0.380175
MT253697	MT253697 |China	8894	5472	5850	9565	29781	0.380175
MT253698	MT253698 |China	8894	5472	5850	9565	29781	0.380175
MT253699	MT253699 |China	8894	5472	5850	9565	29781	0.380175
MT251974	MT251974 |USA	8938	5474	5856	9583	29852	0.379539
MT253700	MT253700 |China	8894	5472	5850	9565	29781	0.380175
MT253705	MT253705 |China	8894	5472	5850	9565	29781	0.380175
MT253709	MT253709 |China	8894	5472	5850	9565	29781	0.380175
MT253708	MT253708 |China	8894	5472	5850	9565	29781	0.380175
MT233526	MT233526 |USA	8913	5488	5860	9586	29847	0.380206
MT246667	MT246667 |USA	8919	5491	5864	9593	29867	0.380185
MT246451	MT246451 |USA	8945	5475	5854	9586	29868	0.379302
MT246453	MT246453 |USA	8920	5469	5853	9576	29823	0.379640
MT246454	MT246454 |USA	8944	5491	5858	9595	29892	0.379667
MT246461	MT246461 |USA	8943	5481	5859	9593	29877	0.379556
MT246462	MT246462 |USA	8953	5490	5864	9594	29903	0.379694
MT246490	MT246490 |USA	8938	5474	5855	9582	29850	0.379531
MT246450	MT246450 |USA	8942	5482	5858	9590	29872	0.379620
MT246452	MT246452 |USA	8940	5490	5864	9594	29888	0.379885
MT246464	MT246464 |USA	8903	5475	5859	9581	29818	0.380106
MT246470	MT246470 |USA	8922	5486	5859	9591	29860	0.379940
MT246474	MT246474 |USA	8939	5488	5860	9595	29884	0.379735
MT246480	MT246480 |USA	8954	5488	5863	9599	29904	0.379581
MT246481	MT246481 |USA	8941	5479	5859	9592	29873	0.379540
MT246482	MT246482 |USA	8926	5474	5856	9578	29844	0.379641
MT246457	MT246457 |USA	8933	5474	5856	9580	29843	0.379654
MT246459	MT246459 |USA	8957	5490	5860	9595	29909	0.379484
MT246466	MT246466 |USA	8947	5488	5864	9596	29897	0.379704
MT246489	MT246489 |USA	8949	5476	5857	9581	29864	0.379487
MT246456	MT246456 |USA	8921	5453	5842	9566	29846	0.378443
MT246458	MT246458 |USA	8882	5445	5825	9520	29765	0.378633
MT246475	MT246475 |USA	8938	5483	5860	9591	29877	0.379657
MT246476	MT246476 |USA	8936	5478	5859	9590	29863	0.379634
MT246477	MT246477 |USA	8953	5481	5860	9590	29886	0.379475
MT246479	MT246479 |USA	8926	5473	5853	9571	29828	0.379710
MT246487	MT246487 |USA	8944	5484	5859	9594	29883	0.379580
MT246449	MT246449 |USA	8921	5469	5852	9575	29828	0.379543
MT246455	MT246455 |USA	8936	5476	5858	9586	29857	0.379609
MT246468	MT246468 |USA	8932	5470	5852	9573	29843	0.379385
MT246469	MT246469 |USA	8941	5480	5859	9587	29869	0.379624
MT246486	MT246486 |USA	8932	5479	5858	9591	29867	0.379583
MT246488	MT246488 |USA	8911	5481	5859	9591	29842	0.380001
MT246467	MT246467 |USA	8950	5487	5863	9599	29899	0.379611
MT246478	MT246478 |USA	8948	5491	5861	9589	29889	0.379805
MT246485	MT246485 |USA	8914	5448	5829	9548	29775	0.378741
MT246460	MT246460 |USA	8962	5489	5864	9598	29917	0.379483
MT246463	MT246463 |USA	8882	5442	5835	9512	29782	0.378652
MT246465	MT246465 |USA	8824	5402	5793	9452	29781	0.375911
MT246471	MT246471 |USA	8939	5483	5858	9591	29871	0.379666
MT246472	MT246472 |USA	8911	5470	5851	9567	29810	0.379772
MT246473	MT246473 |USA	8921	5467	5851	9571	29825	0.379480
MT246483	MT246483 |USA	8820	5412	5792	9474	29765	0.376415
MT246484	MT246484 |USA	8935	5477	5857	9594	29870	0.379444
MT240479	MT240479 |Pakistan	8910	5479	5857	9590	29836	0.379944
MT233522	MT233522 |Spain	8871	5453	5834	9539	29782	0.378987
MT233520	MT233520 |Spain	8787	5405	5776	9442	29782	0.375428
MT233523	MT233523 |Spain	8895	5470	5849	9568	29782	0.380062
MT233519	MT233519 |Spain	8894	5470	5849	9567	29782	0.380062
MT233521	MT233521 |Spain	8826	5413	5803	9460	29782	0.376603
MT226610	MT226610 |China	8951	5502	5843	9603	29899	0.379444
MT198653	MT198653 |Spain	8768	5393	5771	9457	29611	0.377022
MT198651	MT198651 |Spain	8440	5167	5522	9062	29611	0.360981
MT198652	MT198652 |Spain	8894	5470	5849	9568	29782	0.380062
MT192759	MT192759 |Taiwan	8931	5487	5859	9585	29862	0.379948
MT192765	MT192765 |USA	8906	5483	5856	9584	29829	0.380133
MT192772	MT192772 |Viet Nam	8942	5491	5863	9595	29891	0.379847
MT192773	MT192773 |Viet Nam	8941	5490	5863	9596	29890	0.379826
MT188341	MT188341 |USA	8928	5474	5860	9573	29835	0.379889
MT188339	MT188339 |USA	8894	5469	5851	9569	29783	0.380083
MT188340	MT188340 |USA	8933	5478	5857	9577	29845	0.379796
MT184912	MT184912 |USA	8933	5492	5862	9595	29882	0.379961
MT184910	MT184910 |USA	8933	5492	5859	9597	29882	0.379861
MT184911	MT184911 |USA	8933	5486	5859	9598	29882	0.379660
MT184913	MT184913 |USA	8934	5489	5861	9594	29882	0.379827
MT184909	MT184909 |USA	8933	5492	5863	9594	29882	0.379995
MT184907	MT184907 |USA	8933	5492	5863	9594	29882	0.379995
MT184908	MT184908 |USA	8929	5492	5861	9596	29880	0.379953
MT163716	MT163716 |USA	8956	5489	5858	9600	29903	0.379460
MT163719	MT163719 |USA	8953	5491	5864	9595	29903	0.379728
MT163720	MT163720 |USA	8901	5450	5835	9546	29732	0.379557
MT163721	MT163721 |USA	8808	5353	5712	9420	29325	0.377323
MT163717	MT163717 |USA	8952	5489	5863	9593	29897	0.379704
MT163718	MT163718 |USA	8949	5489	5866	9598	29903	0.379728
MT159706	MT159706 |USA	8933	5491	5863	9595	29882	0.379961
MT159707	MT159707 |USA	8933	5492	5862	9595	29882	0.379961
MT159717	MT159717 |USA	8933	5491	5862	9596	29882	0.379928
MT159716	MT159716 |USA	8932	5490	5858	9587	29867	0.379951
MT159719	MT159719 |USA	8933	5492	5863	9594	29882	0.379995
MT159709	MT159709 |USA	8933	5491	5863	9595	29882	0.379961
MT159710	MT159710 |USA	8933	5492	5863	9594	29882	0.379995
MT159712	MT159712 |USA	8933	5489	5863	9597	29882	0.379894
MT159713	MT159713 |USA	8933	5492	5863	9594	29882	0.379995
MT159714	MT159714 |USA	8933	5492	5863	9594	29882	0.379995
MT159722	MT159722 |USA	8934	5491	5862	9595	29882	0.379928
MT159711	MT159711 |USA	8933	5492	5863	9594	29882	0.379995
MT159715	MT159715 |USA	8932	5492	5863	9595	29882	0.379995
MT159718	MT159718 |USA	8933	5491	5862	9596	29882	0.379928
MT159720	MT159720 |USA	8933	5489	5863	9597	29882	0.379894
MT159721	MT159721 |USA	8933	5492	5863	9594	29882	0.379995
MT159708	MT159708 |USA	8933	5491	5863	9595	29882	0.379961
MT121215	MT121215 |China	8996	5490	5863	9596	29945	0.379128
MT159705	MT159705 |USA	8934	5490	5862	9596	29882	0.379894
MT066156	MT066156 |Italy	8919	5491	5860	9596	29867	0.380052
LC529905	LC529905 |Japan	8954	5489	5864	9596	29903	0.379661
MT050493	MT050493 |India	8915	5485	5862	9589	29851	0.380121
MT012098	MT012098 |India	8915	5490	5860	9589	29854	0.380184
MT152824	MT152824 |USA	8929	5489	5864	9596	29878	0.379979
MT135043	MT135043 |China	8953	5493	5862	9595	29903	0.379728
MT135042	MT135042 |China	8954	5493	5862	9594	29903	0.379728
MT135041	MT135041 |China	8954	5493	5862	9594	29903	0.379728
MT135044	MT135044 |China	8954	5493	5862	9594	29903	0.379728
MT126808	MT126808 |Brazil	8927	5492	5861	9596	29876	0.380004
LC528233	LC528233 |	8933	5499	5869	9601	29902	0.380175
LC528232	LC528232 |	8939	5493	5865	9605	29902	0.379841
MT123290	MT123290 |China	8934	5491	5867	9599	29891	0.379981
MT123291	MT123291 |China	8936	5490	5861	9595	29882	0.379861
MT123292	MT123292 |China	8938	5502	5874	9609	29923	0.380176
MT123293	MT123293 |China	8926	5492	5860	9593	29871	0.380034
MT118835	MT118835 |USA	8933	5491	5863	9595	29882	0.379961
MT106052	MT106052 |USA	8935	5492	5861	9594	29882	0.379928
MT106053	MT106053 |USA	8932	5492	5864	9594	29882	0.380028
MT106054	MT106054 |USA	8933	5492	5863	9594	29882	0.379995
MT093571	MT093571 |Sweden	8936	5492	5865	9593	29886	0.380011
MT093631	MT093631 |China	8919	5491	5861	9589	29860	0.380174
MT072688	MT072688 |Nepal	8903	5482	5852	9574	29811	0.380195
MT066175	MT066175 |Taiwan	8921	5492	5863	9594	29870	0.380147
MT066176	MT066176 |Taiwan	8920	5491	5864	9595	29870	0.380147
MT044258	MT044258 |USA	8928	5490	5857	9583	29858	0.380032
MT044257	MT044257 |USA	8934	5492	5862	9594	29882	0.379961
MT049951	MT049951 |China	8956	5492	5862	9593	29903	0.379694
MT039887	MT039887 |USA	8932	5491	5863	9593	29879	0.379999
MT039888	MT039888 |USA	8932	5490	5862	9597	29882	0.379894
MT039890	MT039890 |South Korea	8955	5489	5861	9598	29903	0.379561
MT039873	MT039873 |China	8910	5487	5856	9580	29833	0.380217
MT027062	MT027062 |USA	8933	5491	5863	9595	29882	0.379961
MT027063	MT027063 |USA	8933	5491	5863	9595	29882	0.379961
MT027064	MT027064 |USA	8933	5490	5863	9596	29882	0.379928
MT020781	MT020781 |Finland	8901	5484	5851	9570	29806	0.380293
MT019530	MT019530 |China	8942	5493	5864	9590	29889	0.379973
MT019531	MT019531 |China	8950	5493	5863	9593	29899	0.379812
MT020881	MT020881 |USA	8933	5491	5863	9595	29882	0.379961
MT019533	MT019533 |China	8934	5492	5862	9595	29883	0.379948
MT019529	MT019529 |China	8949	5492	5865	9593	29899	0.379845
MT019532	MT019532 |China	8941	5492	5863	9594	29890	0.379893
MT020880	MT020880 |USA	8933	5491	5863	9595	29882	0.379961
LR757995	LR757995 |China	8932	5490	5861	9589	29872	0.379988
LR757996	LR757996 |China	8933	5488	5861	9586	29868	0.379972
LR757997	LR757997 |China	5738	3620	3804	6101	29388	0.252620
LR757998	LR757998 |China	8937	5486	5859	9584	29866	0.379863
MT007544	MT007544 |Australia	8952	5491	5859	9591	29893	0.379688
MN996530	MN996530 |China	8914	5491	5861	9588	29854	0.380251
MN996531	MN996531 |China	8915	5492	5861	9589	29857	0.380246
MN996527	MN996527 |China	8904	5483	5855	9583	29825	0.380151
MN996528	MN996528 |China	8942	5492	5863	9594	29891	0.379880
MN996529	MN996529 |China	8913	5491	5860	9588	29852	0.380243
MN997409	MN997409 |USA	8933	5491	5862	9596	29882	0.379928
MN994468	MN994468 |USA	8934	5491	5862	9596	29883	0.379915
MN988668	MN988668 |China	8932	5492	5863	9594	29881	0.380007
MN988669	MN988669 |China	8932	5492	5863	9594	29881	0.380007
MN994467	MN994467 |USA	8933	5493	5861	9595	29882	0.379961
MN988713	MN988713 |USA	8933	5488	5862	9591	29882	0.379827
MN938384	MN938384 |China	8909	5484	5859	9586	29838	0.380153
MN975262	MN975262 |China	8942	5491	5863	9595	29891	0.379847
MN985325	MN985325 |USA	8933	5491	5863	9595	29882	0.379961
MN908947	MN908947 |China	8954	5492	5863	9594	29903	0.379728
